{
  "2000.0": {
    "obs": [
      0.0001666386961005628
    ],
    "p": 1.0,
    "toy": [
      19.45518727385206,
      24.924557963036932,
      32.78553736116737,
      41.93591340439161,
      31.425548540777527,
      23.742248114547692,
      37.434574569691904,
      27.623757549619768,
      29.79574286111165,
      30.38771185668884,
      27.9970459381002,
      34.29099978302838,
      46.41909117432078,
      33.68928410776425,
      26.135646449867636,
      38.144244562776294,
      26.185827000124846,
      37.921170215529855,
      44.49639920849586,
      29.850447966950014,
      32.47123873390956,
      41.8641538299853,
      41.35922807210591,
      24.706220862804912,
      31.372408212570008,
      39.76252966676839,
      30.111223977350164,
      24.759826600085944,
      22.298228257219307,
      31.408716936886776,
      20.755127529148012,
      46.91118454304524,
      21.548679182480555,
      31.924234412494116,
      27.565899522218388,
      38.140588866954204,
      26.682602160028182,
      31.7058419653913,
      39.64741995453369,
      46.65617438725894,
      19.025711265741847,
      26.565770544693805,
      38.776872190239374,
      36.95925333793275,
      33.868416750396136,
      38.87013862718595,
      27.099338307103608,
      26.59205229138024,
      32.36650316551095,
      25.701747038052417,
      31.01004867401207,
      43.11547984927893,
      32.36007638886804,
      26.726544851553626,
      33.82547410664847,
      43.11054483888438,
      37.38901113992324,
      36.767080653167795,
      33.61089149658801,
      35.07624170189956,
      39.615104312542826,
      35.86154360178625,
      25.632552237599157,
      32.36295600165613,
      40.574963959283195,
      28.932928341208026,
      38.41569866408827,
      29.044893575599417,
      30.432319877843838,
      35.040151418419555,
      37.45860242610797,
      41.607356119551696,
      37.68706779484637,
      76.09101930662291,
      44.03033682954265,
      56.82159829034936,
      25.071181759005412,
      32.7773040246102,
      38.490852331218775,
      22.630140310327988,
      23.865139857342,
      28.968393272079993,
      45.17511099210242,
      24.812902908655815,
      32.88825019221986,
      28.018500797334127,
      35.91167238034541,
      26.069628821103834,
      19.639319519454148,
      34.996456949273124,
      28.872693436511327,
      24.822873424505815,
      41.05179805448279,
      38.56279230007203,
      31.681692547921557,
      45.56357544398634,
      34.356132845568936,
      29.535640397749376,
      45.47794296272332,
      19.37912077497458,
      50.738070213003084,
      25.13912495970726,
      39.33918896864634,
      36.76125769992359,
      32.516613472485915,
      30.253597834904213,
      33.99925477034412,
      47.80402427341323,
      29.72054364037467,
      33.78065326157957,
      30.075848024571314,
      35.60917621612316,
      25.0347600740497,
      40.899578645359725,
      49.827610814536456,
      24.800105978967622,
      41.026750369521324,
      32.67728203366278,
      40.83709004148841,
      23.19964734406676,
      22.783691957010888,
      42.40520098351408,
      34.20391785062384,
      27.088519770244602,
      32.164900486764964,
      32.469681381597184,
      43.70433472201694,
      40.16926405351842,
      38.69255605619401,
      26.176651290792506,
      41.72205466567539,
      25.417907202383503,
      44.28570464608492,
      18.199561628629453,
      21.069602974923328,
      25.509307239379268,
      28.13290825212607,
      38.487378215417266,
      28.174298749072477,
      32.15114518936025,
      36.591029043949675,
      28.6819705638336,
      34.949286294402555,
      25.49122513324255,
      27.110868770512752,
      35.717851538269315,
      36.086619542271364,
      37.75239395297831,
      24.44329619948985,
      33.000056759046856,
      50.624803081853315,
      31.041785705368966,
      40.15325781778665,
      42.00103858008515,
      40.40516060934169,
      26.970405169879086,
      25.294558877241798,
      26.281743318017107,
      45.42495269107167,
      44.459481312020216,
      34.55929101415677,
      28.13857418310363,
      39.61182821349939,
      40.430790718470234,
      44.30523126805201,
      41.42066258308478,
      31.49379237217363,
      44.45781423174776,
      26.74763486906886,
      21.478644953633193,
      45.07198666408658,
      50.91258950222982,
      29.39575397252338,
      45.983729500789195,
      19.75602531398181,
      31.080262774485163,
      32.99822191090789,
      24.309253121668007,
      23.612736164417583,
      42.694620778318495,
      46.39572690956993,
      29.839024373271968,
      42.97408343979623,
      49.030953818466514,
      27.110999716736842,
      30.272098212270066,
      32.37063804740319,
      42.53099796077004,
      36.780505403585266,
      35.131783083605114,
      35.620275125838816,
      32.60135904321214,
      43.901559901365545,
      37.10512384196045,
      44.84181547391927,
      31.654744660307188,
      33.34293302090373,
      28.860427785140928,
      47.08307586959563,
      35.18103492248338,
      41.6573074622429,
      32.05411197175272,
      36.683566714578774,
      34.846529114292935,
      29.553837794810534,
      32.71663487574551,
      35.47414635296445,
      44.739415988500696,
      34.36817560339114,
      40.50245402863948,
      27.446226225059945,
      31.61884434183594,
      24.738029593601823,
      34.27729769021971,
      37.36784752923995,
      40.35489299055189,
      31.045071448315866,
      39.57088764786022,
      36.82756710803369,
      38.62279042741284,
      53.90443769370904,
      58.05973708437523,
      41.2977497727843,
      34.15346077660797,
      32.088150507595856,
      39.32112291204976,
      32.37146910378942,
      41.187012405949645,
      35.1098127537407,
      27.3569669679855,
      42.55832938250387,
      40.53792650962714,
      28.257618550036568,
      36.41493032639846,
      25.76768561080098,
      29.635594683524687,
      32.703061415988486,
      51.337511676130816,
      26.82069145515561,
      29.25687532889424,
      38.268811250221916,
      24.846756442799233,
      37.61020936630666,
      51.302350956888404,
      36.86330507398816,
      27.089602316787932,
      35.69186669093324,
      37.02359137131134,
      36.82479640468955,
      45.42633137817029,
      24.192783532256726,
      31.124871896696277,
      15.900340619729832,
      27.9370961379027,
      50.555371858295985,
      49.641835927497596,
      28.37427127920091,
      30.336467948334757,
      39.58279438142199,
      30.833725652482826,
      54.428749452519696,
      27.12384036515141,
      31.15957202546997,
      26.60716313967714,
      34.91877308918629,
      26.41386933583999,
      41.890242941793986,
      28.320321265025996,
      22.716668026987463,
      30.963315691275056,
      35.53356838441687,
      36.259099048154894,
      18.13440268445993,
      32.634300985140726,
      24.759371001040563,
      40.381635722354986,
      41.47117265028646,
      33.58514765475411,
      39.731944243831094,
      45.84854874428129,
      38.21274034358794,
      67.34769321396016,
      35.026159717876,
      35.488797435420565,
      24.51998022996122,
      32.6201059462619,
      31.529141752398573,
      41.23198134324048,
      27.696712473523803,
      26.359974599792622,
      35.98632212099619,
      29.629905096895527,
      42.09124035801506,
      42.05284813960316,
      38.01797903154511,
      35.186410091933794,
      28.8075028063613,
      29.159579194849357,
      23.14690391154727,
      23.758946408284828,
      35.109085164789576,
      25.342599926982075,
      39.04419876681641,
      49.36142591974931,
      35.84327233477961,
      28.010537210153416,
      32.07829370285617,
      37.573040932940785,
      46.00048385915579,
      26.97465483599808,
      32.136906682513654,
