{
  "2000.0": {
    "obs": [
      9.435275569558144e-05
    ],
    "p": 1.0,
    "toy": [
      12.216644875035854,
      24.260510169086047,
      28.99026020101155,
      39.006422581122024,
      38.31063034807448,
      28.96705991012277,
      27.82781953041558,
      24.503713784593856,
      29.498785634554224,
      30.34454649372492,
      15.091705636063125,
      38.521955504256766,
      38.1568227163516,
      23.693768003577134,
      24.13986098699388,
      28.657017582270782,
      29.38204233176657,
      23.76501138776075,
      26.911937559809303,
      34.81225366302533,
      30.33323379608919,
      19.13014628228848,
      37.966702574223746,
      29.92584541600081,
      32.990062551019946,
      22.51525222082273,
      11.631684731604764,
      32.187986732897116,
      27.90520386848948,
      22.17346147162607,
      32.132932691281894,
      32.1146023113979,
      34.19445156111033,
      24.569645198673243,
      37.848554436292034,
      27.969971748796524,
      47.01277830565232,
      30.867316355201183,
      44.57924871056457,
      27.560518062877236,
      23.184771023399662,
      18.279221241886262,
      28.868971548828995,
      31.645222228893545,
      31.267950980603928,
      13.848693748557707,
      26.90168756840285,
      22.12071448971983,
      22.415140289551346,
      33.36909169721184,
      18.255564594379393,
      36.283909486752236,
      39.7741597040731,
      41.44812312501017,
      21.766881899442524,
      21.913826081668958,
      28.706380982126575,
      28.701001807668945,
      21.887779037613655,
      26.930266857641982,
      31.67181903985329,
      24.941324344545137,
      30.52387028807425,
      30.02603362654918,
      36.35554966444033,
      28.193179955822416,
      38.082494293368654,
      19.46636084074271,
      29.97982121646055,
      29.20537114009494,
      19.58752151837689,
      36.778341439086944,
      18.761308431392536,
      22.274511806841474,
      23.92106699704891,
      37.88605852672481,
      22.34499195078388,
      15.223486821283586,
      8.396912529540714,
      15.126918888097862,
      22.07790398420184,
      13.937683873577043,
      43.85049003342283,
      23.287875087960856,
      28.5793676051253,
      19.21692364750197,
      33.065030253725126,
      23.536329931550426,
      16.041768398310523,
      21.64216615020996,
      33.02468954471988,
      24.252525604970288,
      21.559065416251542,
      18.304201101273065,
      29.89048073196318,
      21.670909793378087,
      26.275737666961504,
      23.98205469144159,
      35.589142294222256,
      31.37821586514474,
      49.0846463405469,
      36.95824638265185,
      33.425187480199384,
      28.937393184023676,
      25.65682076252415,
      25.259928972518537,
      24.525555159751093,
      36.96317194975563,
      27.62490254509612,
      22.567945567978313,
      44.76258032239275,
      28.640247296949383,
      23.90636372473091,
      24.7540922164917,
      29.334057101077633,
      18.13315750446054,
      39.41523198696086,
      19.06653176265536,
      28.003407499054447,
      19.428861731430516,
      22.980094938684488,
      38.900427265965845,
      22.519112370704534,
      21.998705692356452,
      18.853048146964284,
      32.035666564130224,
      27.49948812968796,
      24.443773031176534,
      20.939961097057676,
      24.559854963910766,
      35.073804225597996,
      21.142089149187086,
      30.452930951636517,
      20.405326296633575,
      26.338649672165047,
      22.13642620277824,
      27.054305781959556,
      18.010713571246015,
      31.220493866567267,
      17.610658120102016,
      16.72750057192752,
      19.66476501568104,
      15.732349099504063,
      24.840986606752267,
      33.66572254023049,
      29.411970397952246,
      29.160584036435466,
      36.49298394614016,
      23.708194577280665,
      21.19764677088824,
      30.11910413208534,
      23.700890586071182,
      25.479183397139423,
      24.828739586664597,
      30.300176580494735,
      28.058743462141138,
      17.150001214904478,
      37.36651350883767,
      33.157575384539086,
      12.742966240330134,
      28.081876312644454,
      38.10177711659344,
      22.089163364464184,
      25.138010832772125,
      26.826499356509885,
      38.954274779360276,
      32.977020827966044,
      23.6632715674059,
      28.614912278979318,
      26.49636170436861,
      26.92085366023821,
      28.655052010086365,
      26.663276839943137,
      28.760907943738857,
      30.203204943187302,
      16.681489755865186,
      17.81126192465308,
      32.02994583401596,
      27.81338177982252,
      12.948174424964236,
      30.04255487539922,
      19.23695240385132,
      29.92110245124786,
      24.11428439914016,
      18.454429532779614,
      37.197455182875274,
      29.54465749274823,
      26.225353098619962,
      27.41171145113185,
      17.676425062061753,
      29.47227224573726,
      19.295294862618903,
      35.705778207746334,
      24.619839551625773,
      25.85433026769897,
      36.0563048326585,
      43.71501187895774,
      15.07767050145776,
      20.069217766751535,
      20.355751164490357,
      38.61329086715705,
      34.568458308203844,
      45.03663112327922,
      38.99831464138697,
      23.48635962206754,
      32.02877740134136,
      19.362080364720896,
      29.402988525194814,
      27.86480903305346,
      23.44151687147678,
      24.64444607065525,
      33.75422592807445,
      27.137610471254447,
      26.804837819450768,
      27.922735598520376,
      26.421264848002465,
      25.148851468897192,
      20.7781948359916,
      38.66368615717511,
      29.0628886227787,
      36.925745274464134,
      29.610151305736508,
      22.00795108632883,
      39.476649661082774,
      22.266214125120314,
      18.641592445375863,
      26.951016276230803,
      23.8178316806152,
      36.91583743473166,
      20.054965375515167,
      26.622199162724428,
      18.957829774706624,
      37.61207969888346,
      24.470795320521574,
      25.297935536742443,
      27.167793369066203,
      26.1946563886886,
      28.789530240843305,
      21.399791803007247,
      28.680497208726592,
      24.83475753365201,
      34.73369504560833,
      17.80213955353247,
      29.111048762249993,
      33.840465891349595,
      18.208165954623837,
      21.403595978947124,
      27.192849062848836,
      37.45948548679007,
      41.026583619386656,
      23.69633578203502,
      53.391009117563954,
      38.285596052679466,
      33.37526944000274,
      49.36077311896952,
      26.60411386966007,
      25.466202751907986,
      27.32881001534406,
      26.07581273218966,
      28.143001457705395,
      24.296641524502775,
      40.733142590295756,
      35.47180991526693,
      21.083463156130165,
      27.454516966390656,
      32.344122619892005,
      25.587592742638662,
      27.95860564080067,
      25.10739736794494,
      31.521161025215406,
      38.76916528734728,
      14.412254220311297,
      22.74319229705725,
      20.803491503203986,
      26.8680850045057,
      22.78172019365593,
      37.049346151790814,
      38.198235269868746,
      23.14646137325326,
      25.097712264949223,
      19.91896621187334,
      30.724453858303605,
      16.42323260125704,
      12.894654175936012,
      26.81861329570529,
      26.45111407226068,
      23.54340826754924,
      39.375221642665565,
      29.290047217102256,
      24.952364833123283,
      14.868091980490135,
      22.840836972667603,
      30.581409023929155,
      35.01929426557035,
      34.243574761843774,
      18.25295996016939,
      28.166802844556514,
      24.827346699486952,
      25.731715672183782,
      19.322017925034743,
      34.7525119415659,
      23.152092005853774,
      20.19611401084694,
      41.062417369452305,
      17.816610357142054,
      24.718483606731752,
      27.44253540103091,
      25.70611064779223,
      28.296525979152648,
