{
  "2000.0": {
    "obs": [
      1.1764757800847292e-05
    ],
    "p": 1.0,
    "toy": [
      64.45781391166383,
      81.129177615745,
      53.373265999834985,
      56.35587682813639,
      67.6198411922087,
      87.42102453444386,
      89.05486667476362,
      51.787538595555816,
      48.31614257732872,
      55.989521130686626,
      71.64970588864526,
      75.09131110919407,
      50.450637784961145,
      72.4579606418265,
      56.17398453562055,
      77.2324034498888,
      55.70948325836798,
      83.08041400404181,
      56.21826731733745,
      67.45224617939675,
      77.19608051952673,
      43.223823859065305,
      80.49275154981297,
      70.78686909680255,
      59.36055434291484,
      64.58568507252494,
      55.443255806632806,
      60.16969984566094,
      70.39726095338119,
      58.9120811742614,
      73.35899308946682,
      74.07584231178043,
      68.6767316450132,
      91.58701453334652,
      50.382379842863884,
      60.780598853714764,
      52.43056302313926,
      54.472355004923884,
      83.97271664533764,
      64.28523916593986,
      82.38103721343214,
      70.23812711483333,
      62.98432301561115,
      82.36182605737122,
      58.43119677575305,
      62.177412696240935,
      82.36177846952341,
      58.2790847561555,
      54.99288038758095,
      61.20630206022179,
      69.85513301810715,
      65.86837231996469,
      50.84406452771509,
      71.71933695179177,
      57.68253617337905,
      75.29396508878563,
      93.2592370979255,
      57.48361677117646,
      52.3766758631682,
      67.82439678523224,
      50.41552825877443,
      81.45327749167336,
      58.691402656026185,
      63.548285469412804,
      65.7168497866951,
      68.49291530129267,
      73.05610824626638,
      69.60303174215369,
      57.98540122428676,
      61.65127647010377,
      65.48966982786078,
      81.00224976107711,
      34.904168364359066,
      60.89910075062653,
      77.18539700785186,
      60.08546622522408,
      70.57331485237228,
      65.01051902351901,
      58.87002305762144,
      81.77878471987788,
      65.61846176063409,
      39.30026375403395,
      71.40551499760477,
      75.69513246254064,
      69.88470781728392,
      83.56982063740725,
      62.426494918065146,
      54.61915637587663,
      79.50195449410239,
      62.78596642217599,
      72.94521569466451,
      68.06678057991667,
      72.01636756688822,
      53.32914248656016,
      45.46130196703598,
      69.84708755434258,
      64.4397548668203,
      41.006433821923565,
      51.09639410476666,
      61.72587528673466,
      69.8695444840705,
      67.99849864729913,
      79.45736218843376,
      80.33780776441563,
      61.018491669907235,
      63.44142257166095,
      79.75353934086161,
      50.36389372503618,
      53.63893446652219,
      53.11715520796133,
      56.37939790869132,
      54.20108613750199,
      56.924073278089054,
      64.3044112076168,
      71.52876055432716,
      76.33383342355955,
      68.74499351694249,
      58.705400039441884,
      93.62839897867525,
      46.59296273003565,
      70.01487718708813,
      66.81508598994697,
      60.46119039674522,
      41.26074466772843,
      77.75589919491904,
      64.9499939561938,
      73.59492896677693,
      65.10988731385441,
      62.8461826153798,
      55.93792618776206,
      68.10754320857814,
      49.681104304792825,
      55.022381114482414,
      79.34887971135322,
      72.59029302629642,
      51.89731072779978,
      53.74979209317826,
      64.37714393466013,
      73.39977029454894,
      52.877255791041534,
      70.22616068070056,
      59.05127240699949,
      66.16887199011398,
      56.69723850610899,
      55.633988041314296,
      69.47577841446036,
      66.96402651001699,
      54.449236671614926,
      69.73889972752659,
      54.55828603322152,
      57.166954888845794,
      61.31931095541222,
      65.47713106893934,
      62.19674835912883,
      68.54802450124407,
      62.12485519924667,
      64.29917507886421,
      59.205252132727765,
      76.78567332471721,
      58.49679889075924,
      72.92813431669492,
      77.30261900415644,
      90.3480217224569,
      76.6916761645698,
      73.29818725131918,
      55.288625749060884,
      81.23993061046349,
      85.7911655830685,
      56.757165617949795,
      47.61124308157014,
      74.30944669555174,
      67.84745245816885,
      80.8084314938169,
      66.85385439149104,
      54.28096968436148,
      53.311664781183936,
      62.07107198110316,
      65.93560918251751,
      73.78586292656837,
      71.81257805158384,
      62.53458304569358,
      79.26678952795919,
      36.75584801030345,
      45.16433968686033,
      57.06724569265498,
      74.21165359870065,
      77.27955182566075,
      61.97558582184138,
      58.045407145575155,
      63.49617538898019,
      73.32801572291646,
      51.5525011838763,
      52.44844471279066,
      61.927216605632566,
      63.673527841165196,
      49.039822575985454,
      65.79272393212887,
      67.23324195540044,
      65.84195002412889,
      56.101226616534404,
      60.63395263714483,
      75.30023117008386,
      79.86871716263704,
      67.65941356337862,
      81.18343378516147,
      55.76601549581392,
      59.7015119989519,
      73.22948025981896,
      51.622666192182805,
      74.08075192105025,
      51.079098334594164,
      60.49793881888036,
      39.66985988005763,
      71.33499008155195,
      72.20360380550846,
      59.87779662181856,
      60.62672989821294,
      42.48201648663962,
      46.07940165622858,
      70.81451758905314,
      84.94711541465949,
      68.53862062847475,
      51.935300836805254,
      85.05149124719901,
      71.47660519718193,
      76.39405820524553,
      81.45341894112062,
      66.25797490600962,
      58.835946924751624,
      52.18607949465513,
      54.70590602548327,
      65.47958820295753,
      56.94931428442942,
      56.02770959073678,
      53.43953314155806,
      60.482008180813864,
      74.8018903475022,
      54.98373022675514,
      58.67224358173553,
      53.423362998699304,
      85.15919920394663,
      55.971241290681064,
      75.98640151385916,
      59.24647195631405,
      65.01064123393735,
      56.37134025822161,
      47.25087429082487,
      53.22307500010356,
      65.80933548533358,
      61.05347141518723,
      58.41720312141115,
      55.76853150536772,
      80.91081213421421,
      56.34630243392894,
      68.8785458758939,
      58.417983110120986,
      75.25154813722475,
      76.45683142315829,
      60.46080906060524,
      45.40099034225568,
      68.33737862895941,
      53.46063745266292,
      71.13452070899075,
      64.87774876807816,
      69.74358341074549,
      49.96883205306949,
      68.59210995637113,
      58.611053139786236,
      93.86469767749077,
      60.15295825077919,
      67.67049363336992,
      66.13935981463874,
      57.727529365511145,
      75.78383468277752,
      44.65380329469917,
      53.5451214806526,
      72.08893578435527,
      46.26973432005616,
      63.79250739386771,
      77.83214204455726,
      47.5336026714067,
      53.956410634331405,
      83.02115502604283,
      55.613981335249264,
      74.5904943945934,
      77.43357353872852,
      81.61585131601896,
      93.49043968168553,
      52.739216717658564,
      59.088750147551764,
      64.33064910507528,
      53.62419383530505,
      55.79358207684709,
      75.44395105820149,
      83.7460909303627,
      69.08312018046854,
      84.10796872974606,
      54.299140447052196,
      72.74042143573752,
      72.31116138258949,
      68.9581981289084,
      43.356562511238735,
      55.24228020128794,
      61.44542251288658,
      87.08215604431462,
      88.02632973605068,
      65.66857659246307,
      71.89574925688794,
      65.36173875699751,
      67.427875248075,
      67.97874739574036,
      70.92728730622912,
      67.70391491183545,
      70.63153090310516,
      43.02521555055864,
